text,label,notes
Mexico has secured 1st place in Group A of the 2026 World Cup and has qualified for the Round of 32,analysis,
To be fair Korea in LA as a second place team will still be huge for them,hot take,
KTown will be poppin,reaction,
"Mexico secures 1st place in H2H vs South Korea. Czechia and South Africa are too far away.

They'll keep their home advantage for the Round of 32 (Azteca stadium) and potentially the Round of 16 (if they qualify).

Here's an idea of how the bracket might look like: ",analysis,Somewhat like a reaction too
The last WC game England played in the Azteca was vs Argentina in 86! ,analysis,
Possibly the most memorable and iconic football game of all time.,reaction,
Alvarado to pull off a Maradonian performance at the Azteca against the English then? ,hot take,
The hand of Bellingham in bound to send Mexico into absolute Chaos.,hot take,
That double save sequence will be remembered forever amongst Mexican fans,hot take,
The goal was forgettable to everyone except that south Korean keeper who will always remember that mistake,reaction,can be hot take also
"This is getting out of hand, now there are two of them!",reaction,
He channeled Paco Memo Ochoa right there. Impressive save that literally saved us,hot take,
Mexico has a magical ability to drag everybody into the slop and then beat them with experience by some crazy bounces they create.,hot take,
"
I actually we defend very well.  Out attack crates nothing tho and our midfield doesn't help. Sideway passes all day long ",reaction,
Mexico will get slaughtered the first time they play a team with clinical finishing.,hot take,
"
If the bracket stays relatively chalk, that’s probably going to be England in the Round of 16",hot take,
"
Then again, the way the first week went, it’s possible a highly ranked country finishes third in their group.",hot take,
With our luck Ghana or Uruguay will drop to 3rd and cook us 😢,reaction,
"
It can still be Senegal/Norway, though. Now that would be bad luck.",reaction,
"
It's Mexican heritage to be eliminated in the ro16 so they'll make it at least there",hot take,
That would be an intresting game. Mexico's worldcup record in the Azteca is impressive.,reaction,
"
It could also be any of Sweden (or Japan/Netherlands), Ecuador, Norway/Senegal in the ro32 itself which is rather difficult",reaction,
What I was saying they’ve looked so uninspired going forward their only goals vs 11 men have been gifts from their opponents. Man I’m rooting for them to do well but they need to find something going forward.,reaction,
All but 7 teams could get slaughtered by a team with clinical finishing,hot take,
These teams are? England and France?,reaction,
"Tbf, round of 16 most likely opponent is England",hot take,
"
The thing about Mexico is that they sort of match the level of their opponent. Against shit teams they are shit. Against good teams they are less shitty. But I agree, they are gonna get obliterated.",hot take,
"
Isn't that funny? For like 20 years I've always been worried when we play a game against Qatar or South Africa but then I'm all confident and shit when we play a team like Germany or Brazil. Doesn't matter what coach or squad, Mexico seems to always match the opponent.",reaction,
"
I’m with you, Mexico always looks like shit but is always a very hard out. Scrappy as all hell",hot take,
Exactly this. I mean they faced Portugal and Belgium in recent friendly and neither could beat Mexico. Mexico has a very solid defensive system and a sloppy offense. But most people only remember the offensive part.,reaction,
"
Big chance we get England in the round of 16... I'm scared",reaction,
For that you'd have to win a knockout match which in itself is a big task for Mexico. I believe you've only ever won 1,reaction,
"I know, but tonight we can dream",reaction,
"
You believe wrong, it’s two, and they were both on home soil… it’s like the stars are lining up",reaction,
"
It'll be against a third place team so probably not that tough",reaction,
nah England are the biggest chokers. It’s not impossible for Mexico to beat them. I’d be scared if it was France or Argentina,reaction,
Did you see England's first game? They looked insanely good - and confident.,reaction,
Mr Tuchel has them playing well but I’m not convinced yet,reaction,
"Euro 2024

Beat Slovakia 2-1 in the ro16, scoring a late equaliser and then in extra time

Beat Switzerland on penalties after a 1-1 draw in the qfs, scoring a late equaliser

Beat Netherlands 2-1 in the semifinals with a late winner.

Conceded first in all 3 games and came back all 3 times

Unbelievable choking

Lost to Spain in the final late on 2-1

Now wc 2022

Beat Senegal 3-0 in the ro16

Lost to France 2-1 in the qfs, a very close game

Euro 2020

Beat Germany 2-0 in the ro16

Beat Ukraine 4-0 in the qfs

Beat Denmark 2-1 in the semis

Lost to Italy on pens in the final

2018 WC

Beat Colombia on pens after a 1-1 draw in the ro16",analysis,
"
27.88 average age. Germany is 27.46 and Argentina 27.04, Brazil 28.62.",analysis,
"Curaçao manager Dick Advocaat (78) in tears after helping Curaçao, the smallest nation to ever make the World Cup, earn a point against Ecuador.",analysis,
In the Netherlands he is highly respected but also meme material. He announced his retirement several times and every time he accepts a new job. ,analysis,
"2010 (AZ Alkmaar): Announced he was leaving club football for a quieter life, only to sign as Russia's national team manager shortly after.

2015 (Sunderland): Stated he was finished as a club manager after saving the team from relegation, but returned to the club just a few months later.
",analysis,
"2017 (Netherlands National Team): Took over the national team with the explicit intention that it would be his final coaching chapter.

2018 (FC Utrecht): Emphasized upon his arrival that this job would strictly be his very last trick in the Dutch Eredivisie.",analysis,
"2020/2021 (Feyenoord): Officially announced his retirement in December 2020, stating, ""I know I have said it before, but this time you can hold me to it."" He signed with the Iraq national team a few months later.

2022/2023 (ADO Den Haag): Stepped out of retirement to help the struggling club, declaring again in mid-2023 that his career was definitively over.

",analysis,